0.65493902773307,0.303927791493676
7.40280520426457,-1.98938610852347
4.8462166914018,3.13762737296426
-2.83083223282994,4.10164000349527
0.947155591400268,8.36561920771514
-0.994043319885252,7.58463793605029
-0.467010048394651,-0.29156157644301
-0.551911314669399,-2.34912720584247
10.7305656360721,-4.75891049237441
-3.38631289921594,11.2593521148051
-3.41667751508446,2.77348048798087
1.51153344446734,-0.597405708246256
3.97501406524688,-10.9625746829591
-0.0724312821360024,0.45808624388086
-3.06460607209366,5.50186416374827
7.65665603962375,4.60523444430675
0.213677736806588,0.421305842375736
4.54244992518488,1.77210364929788
0.00399142964942213,0.00674555586298239
8.03845328181847,2.67614706499611
-5.48418434643792,-3.4052837385421
-4.95138252564924,-17.0726650461575
-0.393124149900656,2.27300502298033
12.6772474128133,2.76775322766847
-6.28129715593181,-1.1062982529362
9.48459086420852,5.36487229729074
1.25990993441826,0.379758042719639
-3.04790983884285,5.96544814269523
2.68856990442619,-1.69902548746773
4.40190962316774,0.117987163392662
-0.179575688582144,-0.310212936081964
-0.332048108801816,-1.74046323892743
-3.90542473531339,5.78730056229532
-3.06539667235212,-3.77271289139351
1.65383254346837,1.48091766155434
-0.948488446240425,-1.99470055404619
0.0895471825660112,-0.670149555273836
0.016511516584445,0.198692901637858
-0.189636959128623,1.25961987722279
-2.7937610066278,2.64532490328574
0.0176388269983362,0.0306684990043463
3.00906320377275,0.365946939621111
0.173245010549963,0.00249465429601715
-1.74295333047408,-11.9974712771351
3.2259091524729,-2.42842020552293
-3.93692700803507,-1.15230789161101
-2.23309247047844,-16.221158161412
13.363760725554,3.79601904931896
-14.132294206461,-2.19565131138362
-1.78412214809087,-0.0391054841032738
-0.186904922526878,-0.404320383669556
-1.91541471420953,-0.257642498178279
-11.138694697507,-19.953879685993
0.225760154608668,-1.92266923599911
-0.382082234434055,-0.294908206275782
1.38040640009514,-0.85525197224233
1.48144171820622,-0.736235801820636
5.91418393117531,-7.91622874483029
-1.57380177952914,-1.05882520836897
1.98705106974983,-5.92076883168156
0.410008599859501,0.123214900785152
5.07279580798817,3.51795778779329
-1.50440693372722,-1.62688603988321
1.892365596706,-5.99414376302907
1.0760327298227,-0.410850201174504
2.76802903539255,-0.886711177284107
-1.50778824239325,-0.252060873217672
18.8610132957979,2.6142745962563
-5.67292019368394,1.84150473868012
-2.80307129233051,4.68541520983322
-0.601439994685998,-0.273344566493297
4.67710745956866,-1.97039021650387
0.318613944580566,-0.0667509952816612
2.55695605676764,4.06602201424401
0.116800812514839,-0.0445278879264952
6.15010874742057,-3.3430545279045
-1.91562445201329,-1.64025459922136
-1.26317056780203,6.71804209238776
2.16764440228644,8.86248283651023
7.52973630885497,0.381046592767198
-0.215073270602616,0.11256028315822
-8.18254707469795,13.8458095994394
0.0428702974014768,-1.11286276381106
-0.12447654800961,-0.567774318335033
2.34090635805517,-1.1748382338701
3.21572393278237,-18.2552305616917
-2.38382600700705,8.22562048132504
-6.39479269440529,12.2119530004741
10.6272004155833,2.71932221791529
3.28882822515719,-4.6196631712743
13.0014179160601,-4.98538320014241
5.53186480750065,-4.48878129293899
0.382364165386536,1.80160563011018
-7.17600197734085,4.46811769508086
-4.18599410038833,-5.23737683279409
9.13450552782419,-2.14013223463728
3.04560843164334,3.8209151029891
13.6430330723861,7.62691552385407
0.392160111745323,1.87117260770403
-0.129747846674487,1.3121022938196
-0.00611967835590863,-0.0250896553187868
-9.05210034817871,1.89647881456368
0.741932833270525,0.484707673011186
-0.213541423801711,-0.681516772240676
0.0178781462989394,-0.106726580489448
9.4535690778521,7.63860990197089
-17.2030268533226,2.87551004949274
-1.39012273799664,-1.09256193567301
-0.45367480101477,-1.95678941580283
0.282226019272344,0.177219274357459
0.549728540567023,0.560572965153466
-12.4055347081967,5.61736811537999
-0.292235221929923,-0.145795523206836
7.53821696951721,-8.57082697183182
0.268389544950702,-0.0973114295870611
-0.0173494678712526,0.278524459285092
0.261310665279309,-0.378738156983951
-0.365884677131247,-0.337967316563273
1.81555860768175,-2.74930437004514
-4.41254528402625,1.07589426051053
-0.251113049146678,0.454507472105033
-1.77900717912447,-3.9468836759008
-3.20177236046207,9.97598830556996
1.10081628760069,-0.351155081191265
-7.66074988687623,-22.38536539766
4.64749159898478,-10.030950722457
-1.57630038108667,1.30802847096647
0.25052672640009,-0.373496752742647
-2.57446889101428,-2.98837731200815
11.9080841039591,-10.7911239257754
1.36495969033613,1.34415244502296
9.21546925256371,-0.222419920225141
1.74805608340494,0.781685619762234
-8.46858137713641,-1.40280325313101
0.799490286765127,1.44614636392814
-5.39845311813961,3.78523469385797
-1.93028996036799,10.8624080927371
-1.91938126874774,-6.47143742693879
8.36335232307719,-1.22011516279964
7.31853852067376,-3.26848590688798
2.11471469597203,-0.523281828343848
-9.99940758090858,-4.18233154902462
-10.2625391125713,-0.435199847263545
10.7517599790756,4.11698160545233
-0.1117196798598,0.986020671465683
-0.55183636285359,-0.901733941994624
1.18046983741172,2.99124156472633
-6.65095673772921,4.5895127597332
6.86029185443199,13.0634466568276
6.36806490953111,4.03031487674341
-0.663856851992597,0.230465574762595
-10.9482692177812,4.00432912616515
0.733873212498097,0.124033578897276
3.3231510273298,8.06850267154682
-11.8229285460686,-2.84157256638924
-0.866110245184355,-7.33975571524138
5.16219811014343,-8.65994194868721
10.522538668514,-11.9254329522722
5.1831790542657,3.26966721635414
6.46165915429271,2.38482636865259
-1.79525042340609,-0.403594240526303
-0.255504839829636,-0.475357291248666
11.7040256826701,0.316406510201819
4.87413300956545,-0.5286467046375
-0.0643327307148928,-0.0294380143411613
5.26276358418621,-9.76564587025496
1.44752567515572,2.71156866740241
-4.77136729076564,8.17860889886311
-0.103004802195105,-0.0853799994277318
-1.32629864904507,-1.81170118272099
-4.85014281230301,-4.66466939244579
5.60068121815673,4.02276175611132
-12.8253020087898,6.2012745433108
0.0672476458813711,0.256066784908727
-0.0764861070996151,-10.643547712518
-0.1063414777886,-0.271304489030476
-0.752136126363984,-2.44165257258552
-14.6464039366837,-0.437585197895962
-2.00682583512875,-6.88919699402826
4.4463662471738,21.915924088877
-0.550534531952844,0.179464334694373
-2.08325987209377,9.11325861449059
0.627548911865858,0.421255101039132
-1.16575528419949,-1.68826653123306
8.36774867928857,11.2523431434635
0.141168832991132,-0.165655209515714
-0.446854272970574,2.4910368717672
-0.123827528455434,-0.196894874884709
-0.967193774659619,-1.54468200013664
0.986260315690541,-0.0549862747158822
-8.65797492852112,1.15854712895409
-11.5209451872437,-2.98895593380737
-1.97488605459712,-7.68219955349539
-2.2613717923422,-10.1254219132251
-3.44942591034204,-2.22682097506493
-0.904786799837957,-4.15762106717527
-3.70488738543531,2.57385657975202
5.2194109220647,4.24122373914967
3.0927103269054,-6.69467433774789
-0.0662713720437164,1.2254988658065
-10.3172638168796,6.9821673618206
-4.9209832645824,-0.174325505500348
-1.49215932075672,0.926635468006017
3.88856937815456,0.421892033040176
-5.52272188056303,2.69662761688667
0.728610126113906,1.02696768292033
-4.45764231875871,-5.46992544812028
3.97995651728939,10.6792348895261
6.7614097215594,-8.72000642821676
1.26532396455707,4.74938012419151
-3.01296420219303,-5.70535388970704
0.640216232695483,0.352759441715958
-10.0413884270875,-5.02261714080142
-5.44585875830104,-3.54241856841856
6.48199960321525,6.58624150085948
0.00189924641155964,6.90952107366458
-0.704713349635841,0.455667406316787
-5.07419161139552,0.795829099314269
9.25268839532134,1.50217487640711
-5.32381609974381,1.716047983848
6.98805468092621,2.97561879735572
0.0680393966398851,-0.0562400213339593
0.682855936112257,-0.434718395575492
0.0774251048471584,-0.13255958728072
1.57778210625778,9.1419371580843
0.608313299003997,0.658586995600628
2.72219281415515,3.17231697215776
0.406356278375933,-4.10535529928205
6.79957799915105,0.779757423565988
4.00547006352886,3.85846532912246
0.0980405912675521,-3.15025843276841
-3.88470618243184,2.18737081069163
2.91516582433984,6.12362459571261
-1.9342146060461,0.318580532720861
0.722140647044035,-6.57650266621874
-3.77028510391043,2.54453290530423
5.73209987716218,8.79935902277303
-0.290758143765819,1.12186503860566
-7.70763384540503,4.95868762944816
-7.82101106515354,7.05167709654454
-3.83237585357385,9.81895229117039
0.588221315285962,-8.74827167578814
1.52942213907649,4.21707822978476
-2.55739875542746,-3.36069448429705
0.585177137927888,-0.199873936799636
-7.97271246957397,15.3244764022063
2.21456454816326,5.40318306198376
-7.50722427535872,-6.02744286923276
-3.27138496252023,2.58275914107121
-0.754138839774966,8.47765570637061
1.45216674789821,7.58934094013945
-1.29786438251836,0.934268163829112
-0.839106099472563,0.63992860057527
-2.34256001102197,-8.34026345642367
13.337617217145,3.00522071081878
-0.766000858667862,0.536147260754928
-1.25856437304652,-2.79507307614075
0.0565551161937246,0.264884601247099
-0.523142948313657,0.13659357194811
0.0706380278420565,-11.8152099657289
7.29498142252379,-12.0746226091856
-2.38225930503243,-11.4337478385182
0.0044213399472099,-0.0741398581148426
-1.61738814131281,1.90050851125994
0.282779355572448,5.81354835804867
-0.0230853375182533,0.329607397423823
-13.0442087829779,13.7505847317381
-3.56657354199881,3.17653140331642
-0.353481402964415,-0.261812076739603
-1.24128470109699,-2.87308118568577
-0.34990818467731,0.167525600996146
-0.34400973425785,0.0953352008834676
4.18908207834448,-9.83384713257371
0.167843790091273,0.340395302480537
-0.444577020801795,-0.31212003765393
0.386435201200125,4.69136737964415
7.95289244428959,-1.48345636293577
-0.380472641422071,1.0246408342692
1.64445953154336,-8.4320678744138
-0.0456285129435688,-0.969387232864941
0.358051678514803,-0.19680808269312
0.117182228143085,0.3830700597184
0.0865461805358262,0.0340233321008893
5.25018613448652,-8.09174190514817
-0.599775901548333,-0.528435785380681
7.86636477842241,2.8406025116449
0.21928230475409,-0.610920028742056
-0.828949078042584,0.672664660498143
-0.0517152541766732,0.596998516087346
0.0488066073544612,0.0441855370224917
4.49258764667291,-0.138386975523828
-0.272690697889623,-1.48577728277994
0.000727506679673173,0.00407668025936078
3.34248049573148,6.62000134471097
-6.83537484537047,4.77185056208371
0.597340107274561,-0.0220736657998765
3.96723289287205,-5.46866615237172
2.62923896421179,6.60744007560725
-6.38824844952939,5.31436507295757
0.076890704583895,0.0759422863669848
1.58692657252781,-2.19473424669956
0.0473609792276564,-0.726932080214196
0.721828529248282,-6.22043813196163
7.09794482791375,2.12409639488152
4.26561041644261,-1.25930579111227
0.0180597630346124,-0.174862417270874
-0.325867719883285,-0.57505080073126
12.0458124258482,5.03203337851976
-13.3149569059638,-2.17462541147159
-0.698617976498857,-0.643491188960003
4.15512168608279,-1.11885547980043
-2.640786648604,-3.68794858593433
-0.0855514828560417,-0.239864179172355
-5.75749606338775,4.16214959651942
0.0235472522221433,0.229236487240469
-16.9757430257022,-2.16029353303494
-0.0182523602623236,0.0121146236538619
-3.17064054898425,-0.905301662808711
-13.0536513667812,-14.4726367397299
-1.42362118155764,-0.410067606019346
-8.73221612153519,-4.62061170255599
-0.328402628771589,0.0349632700730781
7.21410296491092,6.21763306511064
7.07874636625545,2.75756223744179
2.05406855777904,6.86187531896943
10.2911016757208,2.4440903130999
0.454776156414513,-0.642212351020846
-5.581531272504,1.09154730833131
-2.06276331899012,-13.2850373297862
0.0893278292411038,0.162736453608254
1.49060585064282,0.298974259331389
0.646943266008335,1.22500337796498
-0.154192702138793,-0.911291209136386
3.53054559181019,-4.17997631788669
0.772991512413073,-0.772064748523073
0.878301790802631,-1.9228640520613
0.715530640514291,0.664069467762296
-7.21228332110533,-2.57131944937761
0.385884686621309,0.193423800076962
13.3895054798685,-10.8214153657288
-0.622479336830064,-1.68257536852103
3.46067310775463,2.1385972623615
0.153160557124949,-0.0358698237577594
0.124856384328807,-0.400183539561597
-0.543850840217359,0.760376637472971
-6.08988379098232,-8.81212055508937
-1.57252281939701,-2.29659149682849
1.10350399084075,-0.270366777596263
3.36503498799572,-2.78232898328538
-12.7768758093303,-2.84091013013679
-2.2753247829532,-10.1415737943624
-5.62723985636577,3.36192969680169
0.798527483197813,-5.51469089628988
-4.11489631210687,-8.57915046724238
2.58891527693288,0.700917256611595
0.406776935950709,0.565576410287662
-0.940996461106172,2.63825775336984
1.53136266104759,1.10713264094702
-1.6897183502087,0.590456733030547
0.0368822170669152,-0.173508841889825
4.73538262976327,-8.07811700021321
0.386813498655009,-0.784770882320811
0.444990387829608,-7.00731766195038
0.127460184759906,-0.142545254412508
7.70376419611368,-3.85390592326558
-11.9783433504773,-14.2367806545989
2.37160923252183,-10.6451461987611
-6.2883475569644,3.46773255983528
4.10354266576347,-3.23979481319352
-1.2131884358404,7.90626180126485
-0.346525868141667,1.45560031769447
7.64948639945451,4.58394346735412
13.7272872175136,7.09707272426836
-2.11898260445028,1.44659115540427
0.379863351197204,0.82101377788083
1.7171115805394,0.421244698543431
-8.98244328260842,6.94868816908751
-0.905400537412457,0.828375389968332
15.8507849942739,2.03183808204168
0.282086704443935,-0.256390003428697
4.73408060750855,4.08337910169636
-1.5408588719717,0.900457194199403
-4.90630030533915,-4.80024593956863
1.48414395905589,-0.491797024629108
4.35265439098726,-6.14938390266423
1.34708814058445,-7.58260723401513
-2.8781932071767,8.72287557398404
3.33799200313423,-0.419153894962069
3.05027500992127,-3.33428244973621
7.76988293470788,-3.28037152988013
-1.00495937707471,0.762728596581323
9.35082765453859,-3.9803135953209
-0.167720388368517,-0.24872781030966
-10.0092982772621,0.413738782440311
-0.548468712301699,-0.652297044679277
0.154572708226181,0.0987095702059775
1.4861507078974,0.792046414871738
-6.42815649533954,-5.37741447099885
-0.0233120996584538,-0.142284660894635
1.19509904115771,-10.1513617313641
-1.41419880861898,-0.250041395554005
-11.8617820356582,3.92030573223022
-0.962122758016259,-1.24186557764152
-2.86020095752324,-2.75441366622222
-0.862762724884224,-13.8309395760873
0.373940052224423,-0.94470607907123
12.2961624092394,-8.35497882613172
-2.34082265708582,7.84371622808459
1.4176761337214,-2.28500437537989
1.06202727482222,4.89375211633346
0.531782777952582,0.685108711462195
5.96375924260607,0.890543846006379
-1.77463252706824,-4.80801562313875
-0.0673850602700826,-0.0793836846430935
-0.00795156788561555,-0.00741937585449534
0.161819937046277,0.0933352218595974
0.0281871710676345,-1.21522581342812
-1.48664721643655,0.358218616768838
-1.15632901329343,1.12204011094398
-0.684634723006111,-1.72971876783611
3.58656163250125,-10.4956353900905
5.41299393802283,-1.21245279813701
-4.58646801054679,-10.6147001682267
-1.97528058512833,0.439089060377012
0.530498083978986,-0.791397403926741
-0.399002735373361,0.737335217181502
-5.60000806903929,9.26516755452003
0.234028965146817,-0.13557916098173
-0.516007180917027,0.373568809565775
-12.3383651002478,-6.48224412901513
-3.10113998348616,-9.84710242411442
3.00829262015076,0.485323453048395
-14.525268308783,4.50768721393395
-8.12787321145658,2.83471621474074
0.870811836697972,5.5245109861813
-1.72459185570412,5.93167181964024
-0.980967746321922,-0.175134524352264
-10.5910356641198,3.16411927731016
2.87573631060497,-3.30445226544816
-0.0365080117050965,-0.418980761091307
-2.66385363728191,-6.16415654718917
-10.8304130478074,-2.03193064100772
1.02913192627807,-0.684986997254365
1.69778754219128,1.27669949367014
3.16172380564892,5.69208545062592
-3.58779262247145,-15.9222883769607
-5.2757642356761,-1.98353169335444
-2.21077070328868,5.4170371736521
-6.4770822973232,-11.1724816881803
2.47677354229472,9.34789056153985
0.101252319519895,0.191305351716674
-1.5638865799073,-17.2428797462614
-0.00092587536976776,-0.125977482154856
0.51117821441097,-0.102995109962733
-11.002089415217,4.27412530036998
4.21393806025706,1.9756910326495
3.00048929217362,4.4219360547109
-14.0494290569498,-14.1546123077376
4.10503772078699,4.70365084581891
-5.42559099084612,-3.65695028855435
-0.450054207585992,7.64893030581864
-0.376488857175553,-0.00465959791647023
3.96341052427949,3.53879039413079
1.53308862341202,-1.03659528164988
0.345027173539193,-0.0452950831151509
1.91754393802779,-1.68617909685167
7.65046698415602,-11.7921404694236
-0.432401449710704,-1.45719889192882
-0.322289226047587,0.0190801418950244
-2.19179050056621,-3.29910966580485
-0.14455079894503,0.228552652284509
12.0375026843943,3.54301598356822
4.81671904716108,-1.15530286134293
0.15969406446419,-0.529493380663344
2.07048690570539,0.324717051353894
-2.73672737782426,8.17011183044406
-1.08810080884104,-0.266363141685963
5.05870284876977,-9.67811718232219
-0.652426134174707,-0.396858886944887
-4.03147702335365,-4.51446116045259
0.0119337735504159,-0.00609554763231433
2.18385246814275,-1.38839645549796
2.29758046532971,0.00672428069466065
0.904816292774924,0.516386906383824
-10.5622906019958,-0.774001802072133
6.99298177732309,3.0638566516053
-0.360842301202776,7.27815599981351
-11.5821886394055,2.80522762950115
0.249043482199509,-0.67815544920112
-2.73275523937822,6.35325443230739
-1.51409760427938,10.4694850754845
-6.99576176996313,5.02310893809665
-0.170516388015055,0.246578638382631
1.07490009395517,-1.3385087444664
-0.82617843717926,4.60679809357043
0.647258162935744,-0.344650568389274
1.64144351016755,-0.23333036723094
3.60083819393669,-10.7413820564179
0.797495330105838,1.60125973460909
12.6755294265975,-2.66408970996935
0.0538084631501059,0.161353731451996
-2.34229319081876,4.99135944365908
-5.30053435716789,6.94687180501156
-1.7012830699425,0.077836014156739
-0.999508594709202,0.906351306695248
0.377510896668162,0.77573065896955
-0.0646087289669801,-0.496436363178473
9.79767638443565,1.98980098252522
-0.0696701724913236,-0.0688377922872999
-10.9061418678617,-10.8232430026008
-9.18136772545483,6.57875354229475
-8.41807652626823,2.39631279228488
8.56490232884732,17.702456753215
-2.12688310451162,12.0724229585736
1.09190934903324,-0.138151757462834
6.74383601072821,-3.62443579661084
-7.37527383757804,-6.37769274161925
0.0251526939187183,0.0831054244067359
4.47054324667595,0.227544949547381
0.289041375335,0.236951694498136
-0.0234088066321205,1.77614435093372
0.707874714540598,0.711917481236374
-0.716174220802897,3.01124815760922
-11.4238908496163,7.1321258727833
-2.9641062545181,-5.60966115886957
11.1410716235158,-4.41206863802489
3.83347287648131,-1.97028436706533
1.00427511310904,-1.56211142839457
5.27408801926341,4.24397919949983
-0.00145703676341049,0.00183090640702815
1.71700157633578,-0.345403651987592
-5.72897244759544,2.76807439834373
2.05418236567787,-1.01537651132002
0.696861224749942,-0.0971982032569524
-5.32578983842303,-6.51446724081877
0.143303634530093,5.20687339362849
0.14125368086228,-0.0657126037845578
0.628696695476462,7.35190981131484
-1.5976032592661,1.15727060060031
-0.267593903794317,-0.18528384967649
2.57734727056518,1.95564527521684
0.85098212756137,0.0195245903912541
-0.327740517388407,-0.714888170505926
0.77219417852044,15.1945893009966
-1.21227556843842,0.736554749432397
11.5465825586237,2.75974876235236
-0.147206184092019,-0.280418874974718
-14.2921861770065,15.4360857331723
0.059090072208353,-1.47409486988666
9.33394250750936,-1.83251887762987
-9.04687238892216,-3.65122441983171
9.94428112288265,2.2940546662936
-0.603479369670944,12.2330410909328
-9.66693222733898,-8.19123731449983
0.112402277693126,-0.071845637976198
-5.52587477436778,3.05251044046875
-1.75035177552698,1.40479106598372
2.50218301978315,-0.389937802934268
0.711102168657949,-1.76798066352688
-0.370380371162781,0.125903384494659
1.23191680227461,2.00070332213227
-0.721609421446427,-0.152831727899091
-7.79660880863212,0.391514184752893
0.110004878361087,-0.08102032053154
-7.67715176943241,-1.25506679104631
1.25959004682208,0.23626004404924
-0.818967740695145,0.936662529602626
-11.3357949878686,12.8857723285121
10.3006073260862,-8.92497699570168
-2.16347872877615,11.2778619387552
0.304877838724766,0.275966659671705
2.04245091875404,1.37264085754765
2.23424216178721,2.35707093673618
4.73034826218427,4.66520702662342
0.776779534209571,-4.44147584455788
5.14782077161802,3.05660056390144
-1.06250086436272,1.71800473762864
-0.253226818173916,0.469906930419032
-0.624200089838068,0.7094443615452
2.15034190987568,1.00016163202924
3.52465630653519,1.05306352019397
-12.3616178373756,-1.46026819758211
-1.67197071645727,-4.59029479374534
-1.01422285255902,-4.58614197028402
-0.0359433920679493,1.78997272684488
0.221711727684906,0.0620427044093825
-0.998258410796733,-0.419475461394365
-10.7554353780119,-5.18170717802058
-0.23507746757765,0.452908870592719
0.827633669707217,0.623597310236793
-9.2682998503601,-0.520075112952354
-0.0304516629425503,-0.36098483457183
-1.92830189588488,2.97296530926012
-0.632060484243407,0.931047715655587
1.3415694784929,3.30617914609034
7.18553444602198,-6.14463954249912
14.1695523250436,1.33712919069416
5.83376170307653,-9.66110249297416
-0.286018668541864,0.377214523786731
0.705034816593802,-0.0807205718471165
5.99275255132774,3.09515486454429
-0.300657219616555,-1.24943692923975
-2.98050654627117,3.00979203007909
-0.989414859019581,7.9658755807953
-3.53377121649629,7.31693350355618
-1.95652137393797,4.17639463077329
-0.0999127459298205,-0.00492796326603295
6.7212760429755,8.91064266428992
-7.05950150837939,-15.9429638257681
-2.09844342031946,-0.975202131661319
1.97790694085217,17.0983412934469
3.8792948975754,-9.42485476973336
-7.96530266846329,4.17964934678543
-5.67766153775236,6.40416339689613
3.2360268684935,-6.01240148662077
-4.57817778225578,4.30524136289405
14.2896264995157,-9.94525525418946
5.81084108351462,7.47855958427011
-0.349779895991783,0.0605002747988932
8.95676016687777,-3.12509613071945
0.118553947007296,0.223948559554508
-5.69196507391892,-9.32896211647065
-0.875971839804662,-1.25438832873626
0.0170694336635301,0.00904859423683598
1.14965749716944,1.82335265548671
3.20420065765036,-1.47915717139897
-0.244863066575903,0.109530380821111
-0.536792274189505,-2.4576647135872
1.30402075354426,-1.65686958975833
3.76733169563347,-6.32679986106847
0.728719135005707,-1.4373853623628
-0.226451580804457,-3.69166145440212
-1.13344993674648,2.00897604148884
0.927075303617847,-0.624670924695179
2.68746135456455,5.61484035412562
-0.230943403884272,-1.40565522308439
1.82771094664564,1.62287585466232
10.1498804383224,3.45970327263885
0.0760616284423552,-0.948783384388691
5.44073849248571,3.54688559963226
10.3006649082069,1.8097422611631
0.208594746433018,-0.7800912210203
-0.203697154360619,-0.36781599022707
3.38045138012491,3.41834852650236
-0.357012248484496,1.34465298447595
7.90756391480038,-10.3836888106974
-1.97509692795456,-1.44501664289156
-3.09787196928329,2.47101066403976
-1.3418651429817,0.392891161500692
1.49150546191499,0.211560502420522
0.310062115368323,0.630960022475379
-8.468596213473,-7.07782208037324
-1.44750239490089,-4.16198538723346
8.90578156362749,-4.03908333360198
1.27643806069391,0.413876046183484
6.55858475888889,-1.54624754179878
-0.892811791126953,-0.798775383440992
3.45444816261226,4.92484565500371
6.1254343903113,5.62557008171469
0.512901389404338,-0.651923125716518
-1.97763633621774,-0.810934654916352
-3.59400170692753,15.4663625567191
4.92252157389023,7.44807689910549
-0.0101160317587064,0.460734246721184
-0.519920864146,0.428784993691783
0.841331633726335,4.76969210073216
-0.487381100503816,-0.434363805745437
-0.534971124666708,0.0779940506589535
-1.21727704253412,-11.177071536799
-0.00961921075216216,0.0453450392846455
3.73211463799604,-0.110454923046101
3.30386476051692,2.68645489383425
7.96649156935969,3.11218306074616
-1.06487580739414,-12.1585666490685
9.83920707942835,2.3081837451859
10.398519817528,14.6444022873717
11.6396410855873,0.881570552850699
-0.849232179003917,-0.452899939812109
-8.69860893900425,4.27382201841976
-0.476309344253496,0.20053872203632
-1.94897718651822,12.5498801778381
0.499123271634262,0.0963090132715995
-1.54706682883264,-1.88139600616324
18.9372619973604,-3.27041225059931
-8.951496222675,7.16170976940851
-0.186280073621364,0.696102208431215
14.4319213965708,5.434284315762
-4.60287279954637,-4.14944179646423
-1.19990481191685,-1.21222186942667
1.50151514990957,1.23756172332975
1.72912066171776,-2.09837905655201
4.26635488374096,9.77109345540777
-6.58774391046726,7.76701808327634
-0.285985974601015,1.59222541602851
0.325808777984135,0.855213149757817
0.511491063854601,-0.41785486282397
0.257126259238569,-4.2204199895939
15.5601584423003,4.40167755021131
7.80018900018784,6.75529824298212
0.412916206518728,8.95628634018566
0.109363420532748,0.116844156023796
0.0351815391974357,-0.117421944120704
6.99990418275518,3.6227058205516
1.61057119037938,3.89550181275403
3.2663187269084,6.75009516125723
-8.79021956428301,-2.23023797411241
1.16797869291628,-1.91024943228999
9.51204819826904,-1.7448504910018
-0.73817806010171,-0.975426807702106
5.76753717803834,0.523852051316199
-0.484379200025291,0.676110334358498
-2.09855002410155,0.702003806307317
-12.6617957655572,-5.28639793400866
0.105586707421293,-5.19635177547636
2.5073749507434,-0.625904263460569
-6.0174315491669,-6.07948059344274
-0.0463522249416594,-0.0144159111204731
3.5492542884232,-2.16144992681782
-0.0128095486920065,-0.167121731407916
-1.56681554915331,0.941157029906656
-0.164278425693255,-0.735610344640073
2.47210947859786,0.543869566723509
-1.8404366629356,0.943517458373115
-7.75585720746691,12.1000486543467
5.83486754968867,6.21544865314452
-1.14298216490625,-0.190176695404317
0.33695046912376,-10.1889519242911
-1.24656700464101,-6.58067866187703
-1.36290819467991,0.0139045365447188
-9.54072068281894,-3.83346582756855
7.27507527825876,4.75491401527747
0.714767944905635,0.873386849384206
-9.04239063319398,10.2782442823545
1.54597988090346,-1.16463683945143
11.5451818746344,5.50592462704281
-8.23953968465108,-1.10736063889074
1.47054726001378,-5.21515760062486
-7.54588647999621,5.52562174046016
1.04136263306333,0.507419741276094
1.69104812699005,0.4020839261654
2.59461925787277,-2.83885626660217
-0.691359533489658,2.07962668424015
0.701615404942792,0.365186743257454
-0.346452567746478,0.484981365011335
-0.542429805760282,-2.93011647766103
5.63202701874487,-8.23811595226393
-1.13321064532066,0.522481549191058
-17.6302987585435,5.47319696318215
-0.827489339609155,-0.554327277594579
-12.2412683295829,-5.47482282058187
-14.7147854609705,3.78634167660356
-0.269469152906843,-0.0652364520009294
-0.947570207861466,-4.46411710445948
-1.28023757337251,-2.63101215843883
3.13091462206935,-1.13381748174332
9.32019123476981,0.440397767732804
3.73057668180248,3.69129550117738
5.24884678289567,9.49789912813875
0.216641579049633,-0.0406449385650127
0.0199048113677652,-1.68159276852055
-0.440267081341774,0.946259009080693
-2.89696553414358,1.1273374134796
0.0515264369671973,0.797949067472923
-1.26268953554533,-0.758209473599413
6.3939315021004,-3.95849305459732
10.2988069368826,-0.179669432508525
0.622735408199824,2.47698469185652
9.92741800594954,1.26381395181107
5.38955518543288,-10.1885121921417
1.36191735262514,-1.46552936290009
-4.78860536639518,2.51217641208479
-1.5099186802838,0.893327454205088
0.527026829545296,1.25421489154347
1.87454490436006,7.50680681508113
-7.977060092242,1.78071853379736
0.161559208773897,-11.7727070828259
0.810911261716459,-0.0415890907475126
0.126365573229968,0.00691200079644802
6.60315809993986,-3.91787098275398
-7.5194554010121,-0.564759378350898
-10.4163836968503,4.24017771604433
-4.05623751648274,4.89048234772109
-3.5824360057401,15.4549916580575
-0.506731032631748,0.357014880043226
6.47601561005677,1.07904840149283
0.410149804453372,0.0115295861818066
-0.115832711482091,1.5110658500668
-0.801158189388092,-1.8437400933993
-0.396274003811468,4.05936269026665
-2.89774217105442,5.55106756280168
1.83375251111702,1.06202491577906
5.43605045612162,-0.467169787512966
6.55695322906158,4.92864261100368
-9.46397322994342,8.12708599982838
1.22139485306418,-0.447123308569097
-3.77802019349661,-9.88252612045387
0.271508097977911,-0.0828555839710033
-8.97992125561514,7.86425073191099
0.0861984080113095,0.0380714408308865
-1.90679368150162,0.333261739264283
-1.00971955614337,-0.236178740118564
6.89342560259001,-4.86702414309499
0.295477541349919,0.627777215557714
1.0758219640354,0.103067057233084
2.27424699371876,1.8727066068968
-11.3176260682726,9.01418476367613
-3.28375160948774,-12.0556272169166
-2.31399478375327,1.799316602283
-0.118382991645238,0.180304323046711
2.90853029838759,-0.10137083173523
-0.551832551687663,-8.26451123092576
0.00743129179589317,0.000554364174060853
-0.590237708722728,7.83374945877969
-7.00830628864068,-5.28789560931249
-3.2925743038624,-10.8869810838942
-8.25379669194076,9.60940673757069
-0.482386626282314,-0.91398160685333
-0.0687287467878953,-0.111286124952024
-1.71387711797961,-2.83985884990023
2.19503735740287,1.82097000463875
-0.394374642692812,3.49450044507565
-0.141586253921319,2.39404734087286
-1.34895526301595,2.95989142335445
1.33546840814932,-0.372686909264488
2.31316440332183,0.792317627728029
-11.0360693635374,-0.685173961785226
11.1212913761964,3.85880064955295
0.54577077598059,0.166199987904652
-1.25088474941314,7.64026953953256
0.332812296012078,-0.0852382886975765
-0.0253568666987605,-0.946182065755484
1.37356428943693,0.390735927799121
0.227098920806416,3.20415800965556
-5.36167961790124,6.9391808558576
3.12447680965488,5.23398325949208
1.61147120490809,5.35620394737762
-10.5570067463794,15.9054896751743
-9.48002734925274,-2.40353133967616
6.74981551322382,-1.0935590907827
0.161167343155231,0.053035079802416
-21.9631742579444,-3.69165733695119
-0.986493268315557,0.374100490354781
-1.99976879484441,-5.68088097550666
0.124240811433618,-0.54286181636741
-6.94162684514078,-0.773258243119156
5.54351717529328,0.242339470937838
0.937850003567747,-0.0392398330708901
0.140133212157848,0.47361923189465
-5.20046492588063,-4.79757263707343
-0.108866723469849,-1.77272355816948
1.69113820663536,-1.50926302626585
-3.1143835422851,-8.55850331374163
4.76597605585264,4.99374893704866
-12.8941075590181,5.54120354779705
-0.737874039109134,-0.342007578965008
0.297644641137944,8.65890757003436
-1.16778712090351,1.48252156330922
-0.818785870388943,1.95125526129526
-0.0199552947839323,0.00335742423362178
-5.97795324879121,-4.91081264442974
-4.11284399113967,0.221249208623824
0.3280676782291,-0.866547947409216
-0.192662854757219,0.401520007270952
5.47378804706102,-2.32828912842576
-12.1783108395585,-2.53987218907468
5.18114814960783,-5.6650502580967
1.60037086014828,14.8545661670867
0.302138484811081,-0.212670568384744
-13.0941053098099,-7.19342212110812
0.295913668689284,2.2110419295964
-4.19759067765667,0.879298461224883
0.0672301224954583,0.0371569275376141
-4.57035630191593,0.363585236050734
-17.6776559531333,13.492868193406
-3.78336927357504,20.5317569324605
-3.83975108118891,5.00566376412562
0.615400878362605,1.06187412849217
1.41709935769888,-1.99697352253344
-1.32200748087161,-1.73629790841539
0.747749624104066,-0.0533447688257871
0.184966152618488,-4.82107884472142
-8.9207740362978,10.3077592615139
0.0479046227449196,0.273263265538745
-0.666001941356092,-2.66992021144936
-11.9105299050226,4.88303011518174
2.40444689120239,7.27803006678713
0.0617155521383799,-0.131894659019687
-1.0300345006481,-1.65373222234466
6.68156919641818,-0.30609354312751
1.20189325770292,-7.01785739356758
6.35499842292534,-6.54590317357309
0.725548919175456,-1.24325336697281
7.70007384979326,6.14362292274478
-2.04572157017124,-9.67251188939644
-1.43434960454219,0.585174712162393
9.65077182061971,-2.38124779206581
9.87392337896068,-7.13360514608867
-3.31182742418237,12.3442628311526
0.530882637311479,1.62348451563871
-4.56968567789662,-7.60025430782256
0.34824195743835,-0.0928362099593721
0.0739133388474542,-0.168426198732635
0.919050785868125,-0.109018085818691
-1.01789422870933,-1.18740250917449
-7.33798951647898,5.50998584172336
9.01637722117807,-7.83586595015764
-3.54927882478906,4.89717841319928
-0.376469008418403,-1.75485714274799
-7.86925431158353,-2.35035307720009
0.586299477300897,-0.749538719465028
10.9802692411381,3.2496640361392
6.24566756305494,8.95455280710886
11.0613185837841,1.38265075568315
7.12546928904264,5.70044893262566
13.0457208802121,-4.42627908425722
0.324004663107902,0.710705466627449
0.940294184067608,-2.16325604833612
-14.7766390695739,11.194930875042
-1.22662348043702,-0.22407272660939
3.64868031370726,-4.90474313675525
-0.463219088772332,-0.18445554641931
-17.7508732612578,14.4056645983861
-4.18760645592801,16.852447578168
5.63641008163394,6.31995184071829
0.0330898256903406,-0.377711628634437
1.87542431255835,1.07125073156488
4.83374113203697,-4.96888688045872
7.19243153893629,-8.62390068994551
-0.0326484267387125,-0.0486070039540512
1.19712713670998,-0.679638544740995
4.97214683220095,10.0123192453566
4.35658474246433,12.2366044853873
0.155262395634531,-0.0129952123857566
-0.384433594933609,0.733918896747032
-0.377559953378979,4.01952827388469
-7.28344963650545,-11.7857579705417
0.969649836025656,4.6558555704619
-0.0593132576435205,-0.136388734924977
-0.585270726974854,-0.54870263133158
0.0101708360315256,0.0581898177330687
1.39480094718523,-4.11843296221402
0.79131350905095,0.364015770585522
-0.160020814831968,-0.53314229309906
-3.28764264140156,5.65822167347269
-0.792304187788389,-1.70508392120369
-3.02943932735154,17.7878848763873
-6.40019734503408,-4.4642466445563
0.274646242446399,0.266801025528548
-0.254837847969933,4.33676401926758
-6.96079750283342,2.87378831497724
-0.0563426995310711,-0.455530449151943
3.15394222988475,11.2325561242708
-1.39671402697483,-0.609177300015345
0.858114829387855,-0.353308980710728
4.86499038404387,6.58753176135342
-4.62438603593165,-7.31683832901217
8.50737181224708,2.95283963865077
-3.30609156114068,-6.96325942401899
1.17842621029247,-1.22592439174058
0.0988686996420464,-0.121887381975916
-0.340386475048011,0.109400173260497
-0.26380393930792,0.0761431524261247
-0.143522884240766,0.0478448568387724
0.0130036424944947,-0.0204398547196408
-0.195186448406703,-0.841388325340208
-4.34381036079466,-0.852468917302204
14.4482081834987,1.77816487651803
-12.988659525692,0.103298099401636
-5.1691651428661,8.51081754181847
0.0845051029272938,-0.0333270514319874
4.74834469338163,3.99310651119397
0.00340760706540158,0.0013213930569285
0.885471610359659,5.73490549013196
3.97806512747617,8.25728695589017
1.11915085634969,0.878397551874554
-0.0310863842755997,1.04475690139801
-13.6176028749846,-6.27132726029486
0.0149290320570201,-0.0101878270277458
6.11856269667741,-3.05741542062494
3.42209373177286,11.1459429322207
-0.330656807477553,-0.190875877599021
-7.71041718867987,-2.31228234952698
1.47308822797553,-0.177438136048709
-7.04645320676115,3.14483099688662
10.6810854835627,7.89256760127801
0.0311967684795008,9.00967190825669
14.9856778721506,-6.96843167952555
-2.67403360264954,6.70233972091043
6.26489564579555,9.05938640495315
1.20677547568267,-0.646177151942992
-3.18301151343247,1.49216329551872
-3.07040178115246,6.7366716803291
-7.37412605683506,-19.625075347548
-2.1219612621521,2.96827748032308
-0.394717625027759,-1.60386699310789
12.494034973746,-1.69606660618954
-1.62198886889155,6.03461867511275
0.0279814849239034,0.0440085206198436
4.71744032119558,1.71441208241876
-3.3806226778977,7.56311327344839
